{"cameraMode":{"drawMode":0,"name":"Shaded","section":"Shading Mode"},"sceneLighting":true,"audioPlay":false,"sceneViewState":{"m_AlwaysRefresh":false,"showFog":true,"showSkybox":true,"showFlares":true,"showImageEffects":true,"showParticleSystems":true,"showVisualEffectGraphs":true,"m_FxEnabled":true},"in2DMode":false,"pivot":{"x":-0.19054913520812989,"y":1.786525011062622,"z":64.42382049560547},"rotation":{"x":-0.005689517594873905,"y":0.011988185346126557,"z":0.0000755320506868884,"w":0.9999628067016602},"size":43.84606170654297,"orthographic":false}